Argentina,South America
Brazil,South America
Chile,South America
Colombia,South America
Peru,South America
Uruguay,South America
Mexico,North America
California,North America
Oregon,North America
New York,North America
Alaska,North America
Yukon,North America
Canada,North America
Terranova,North America
Labrador,North America
Greenland,North America
Sahara,Africa
Zaire,Africa
Ethiopia,Africa
Egypt,Africa
Madagascar,Africa
South Africa,Africa
Australia,Oceania
Borneo,Oceania
Java,Oceania
Sumatra,Oceania
Spain,Europe
France,Europe
Germany,Europe
Italy,Europe
Poland,Europe
Russia,Europe
Sweden,Europe
Great Britain,Europe
Iceland,Europe
Arabia,Asia
Israel,Asia
Turkey,Asia
India,Asia
Malaysia,Asia
Iran,Asia
Gobi,Asia
China,Asia
Mongolia,Asia
Siberia,Asia
Aral,Asia
Tartary,Asia
Taymir,Asia
Kamchatka,Asia
Japan,Asia